{
    "metadata":{
        "generator":"io_three",
        "faces":124,
        "vertices":208,
        "type":"Geometry",
        "version":3
    },
    "vertices":[0.386016,0.797883,0.533366,0.386016,0.650217,-0.556677,0.486016,0.650217,-0.556677,0.486016,0.797883,0.533366,0.386016,0.896978,0.519942,0.386016,0.749312,-0.570101,0.486016,0.749312,-0.570101,0.486016,0.896978,0.519942,0.419211,0.796008,0.354775,0.371658,0.796008,0.389324,0.389822,0.796008,0.445225,0.4486,0.796008,0.445225,0.466764,0.796008,0.389324,0.519211,-0.00399235,-0.645225,0.471658,0.000738952,-0.610676,0.489822,-0.00399234,-0.554775,0.5486,-0.00399234,-0.554775,0.566764,0.000738952,-0.610676,0.431811,0.696008,-0.445225,0.384258,0.696008,-0.410676,0.402422,0.696008,-0.354775,0.461201,0.696008,-0.354775,0.479364,0.696008,-0.410676,0.566764,0.00399246,0.589324,0.5486,-0.00399241,0.645225,0.471658,0.000998165,0.589324,0.519211,-0.00399241,0.554775,0.489822,-0.00399241,0.645225,0.238201,0.652703,-0.455145,0.238201,0.779713,0.486064,0.238201,0.702254,-0.461832,0.238201,0.829264,0.479378,0.405422,0.741541,-0.467133,0.405422,0.868551,0.474076,0.405422,0.69199,-0.460447,0.405422,0.819,0.480763,0.467804,1.18271,-0.476855,0.410134,1.18271,-0.476855,0.439011,0.75265,-0.48493,0.400969,0.756328,-0.457537,0.4155,0.76228,-0.413213,0.462523,0.76228,-0.413213,0.477054,0.756328,-0.457537,0.439011,0.867104,-0.509016,0.392752,0.871577,-0.475705,0.410422,0.878814,-0.421809,0.467601,0.878814,-0.421809,0.48527,0.871577,-0.475705,0.439011,2.11975,-0.663835,0.405362,2.123,-0.639605,0.418215,2.12827,-0.600399,0.459808,2.12827,-0.600399,0.472661,2.123,-0.639605,0.410134,1.23984,-0.484694,0.467804,1.23984,-0.484694,0.467804,1.27499,0.199523,0.467804,1.33212,0.191684,0.410134,1.27499,0.199523,0.410134,1.33212,0.191684,0.426209,0.807539,0.00345995,0.423187,0.801014,0.0423174,0.459726,0.803507,0.0274752,0.426209,1.2907,0.0845982,0.423187,1.28418,0.123456,0.459726,1.28667,0.108613,0.431329,1.12559,-0.503201,0.431246,1.14591,-0.469309,0.431277,1.10649,-0.466434,0.431329,1.30637,-0.533154,0.431246,1.33093,-0.502201,0.431277,1.29223,-0.494211,0.431329,1.50466,-0.559239,0.431246,1.52923,-0.528286,0.431277,1.49052,-0.520295,0.431329,1.70295,-0.585323,0.431246,1.72752,-0.55437,0.431277,1.68882,-0.54638,0.431329,1.90124,-0.611408,0.431246,1.92581,-0.580455,0.431277,1.88711,-0.572464,0.431329,2.00039,-0.62445,0.431246,2.02495,-0.593497,0.431277,1.98625,-0.585506,0.467601,2.04479,-0.578368,0.410422,2.04479,-0.578368,0.48527,2.03756,-0.632265,0.392752,2.03756,-0.632265,0.439011,2.03308,-0.665575,0.460984,0.268893,0.519988,0.460984,0.323122,0.519988,0.515213,0.323122,0.519988,0.515213,0.268893,0.519988,0.469211,0.268893,0.494901,0.469211,0.323122,0.494901,0.469211,0.323122,0.54913,0.469211,0.268893,0.54913,0.460984,0.268893,-0.515408,0.460984,0.323122,-0.515408,0.515213,0.323122,-0.515408,0.515213,0.268893,-0.515408,0.484076,0.268893,-0.536253,0.484076,0.323122,-0.536253,0.484076,0.323122,-0.482024,0.484076,0.268893,-0.482024,-0.419211,0.796008,0.354775,-0.371658,0.796008,0.389324,-0.389822,0.796008,0.445225,-0.4486,0.796008,0.445225,-0.466764,0.796008,0.389324,-0.519211,-0.00399235,-0.645225,-0.471658,0.000738952,-0.610676,-0.489822,-0.00399234,-0.554775,-0.5486,-0.00399234,-0.554775,-0.566764,0.000738952,-0.610676,-0.431811,0.696008,-0.445225,-0.384258,0.696008,-0.410676,-0.402422,0.696008,-0.354775,-0.461201,0.696008,-0.354775,-0.479364,0.696008,-0.410676,-0.566764,0.00399246,0.589324,-0.5486,-0.00399241,0.645225,-0.471658,0.000998165,0.589324,-0.519211,-0.00399241,0.554775,-0.489822,-0.00399241,0.645225,-0.238201,0.779713,0.486064,-0.238201,0.702254,-0.461832,-0.238201,0.829264,0.479378,-0.405422,0.741541,-0.467133,-0.405422,0.868551,0.474076,-0.405422,0.69199,-0.460447,-0.405422,0.819,0.480763,-0.467804,1.18271,-0.476855,-0.410134,1.18271,-0.476855,-0.439011,0.75265,-0.48493,-0.400969,0.756328,-0.457537,-0.4155,0.76228,-0.413213,-0.462523,0.76228,-0.413213,-0.477054,0.756328,-0.457537,-0.439011,0.867104,-0.509016,-0.392752,0.871577,-0.475705,-0.410422,0.878814,-0.421809,-0.467601,0.878814,-0.421809,-0.48527,0.871577,-0.475705,-0.439011,2.11975,-0.663835,-0.405362,2.123,-0.639605,-0.418215,2.12827,-0.600399,-0.459808,2.12827,-0.600399,-0.472661,2.123,-0.639605,-0.410134,1.23984,-0.484694,-0.467804,1.23984,-0.484694,-0.467804,1.27499,0.199523,-0.467804,1.33212,0.191684,-0.410134,1.27499,0.199523,-0.410134,1.33212,0.191684,-0.426209,0.807539,0.00345995,-0.423187,0.801014,0.0423174,-0.459726,0.803507,0.0274752,-0.426209,1.2907,0.0845982,-0.423187,1.28418,0.123456,-0.459726,1.28667,0.108613,-0.431329,1.12559,-0.503201,-0.431246,1.14591,-0.469309,-0.431277,1.10649,-0.466434,-0.431246,1.52923,-0.528286,-0.431246,1.72752,-0.55437,-0.431246,1.92581,-0.580455,-0.431329,2.00039,-0.62445,-0.467601,2.04479,-0.578368,-0.410422,2.04479,-0.578368,-0.48527,2.03756,-0.632265,-0.392752,2.03756,-0.632265,-0.439011,2.03308,-0.665575,-0.460984,0.268893,0.519988,-0.460984,0.323122,0.519988,-0.515213,0.323122,0.519988,-0.515213,0.268893,0.519988,-0.469211,0.268893,0.494901,-0.469211,0.268893,0.54913,-0.469211,0.323122,0.54913,-0.469211,0.323122,0.494901,-0.460984,0.268893,-0.515408,-0.460984,0.323122,-0.515408,-0.515213,0.323122,-0.515408,-0.515213,0.268893,-0.515408,-0.484076,0.268893,-0.536253,-0.484076,0.268893,-0.482024,-0.484076,0.323122,-0.482024,-0.484076,0.323122,-0.536253,-0.238201,0.652703,-0.455145,-0.431329,1.30637,-0.533154,-0.431246,1.33093,-0.502201,-0.431277,1.29223,-0.494211,-0.431329,1.50466,-0.559239,-0.431277,1.49052,-0.520295,-0.431329,1.70295,-0.585323,-0.431277,1.68882,-0.54638,-0.431329,1.90124,-0.611408,-0.431277,1.88711,-0.572464,-0.431246,2.02495,-0.593497,-0.431277,1.98625,-0.585506,-0.386016,0.797883,0.533366,-0.386016,0.650217,-0.556677,-0.486016,0.650217,-0.556677,-0.486016,0.797883,0.533366,-0.386016,0.896978,0.519942,-0.386016,0.749312,-0.570101,-0.486016,0.749312,-0.570101,-0.486016,0.896978,0.519942],
    "faces":[1,6,2,1,5,1,7,3,2,6,1,4,0,3,7,1,3,0,1,2,1,6,5,4,7,1,11,24,23,12,1,25,9,8,26,1,12,23,26,8,1,27,10,9,25,1,24,11,10,27,1,13,18,22,17,1,19,14,15,20,1,16,21,20,15,1,17,22,21,16,1,18,13,14,19,1,31,33,32,30,1,46,83,84,45,1,37,36,55,57,1,47,85,83,46,1,53,37,57,58,1,38,43,47,42,1,83,51,50,84,1,40,45,44,39,1,41,46,45,40,1,42,47,46,41,1,43,38,39,44,1,50,51,52,49,0,48,49,52,1,48,87,86,49,1,87,48,52,85,1,49,86,84,50,1,54,53,58,56,1,36,54,56,55,1,57,55,56,58,1,60,63,62,59,1,44,86,87,43,1,43,87,85,47,1,45,84,86,44,1,29,35,33,31,1,28,34,35,29,1,34,28,30,32,1,88,89,97,96,1,85,52,51,83,1,93,179,178,94,1,95,94,178,177,1,0,4,5,1,1,91,99,98,90,1,90,98,97,89,1,101,187,186,102,1,103,102,186,185,1,68,70,191,189,1,77,79,197,196,1,82,81,198,199,1,74,76,195,194,1,69,68,189,190,1,71,73,193,192,1,70,69,190,191,1,107,108,119,120,1,121,122,104,105,1,108,104,122,119,1,123,121,105,106,1,120,123,106,107,1,109,113,118,114,1,115,116,111,110,1,112,111,116,117,1,113,112,117,118,1,114,115,110,109,1,126,125,127,128,1,141,140,168,167,1,132,152,150,131,1,142,141,167,169,1,148,153,152,132,1,133,137,142,138,1,167,168,145,146,1,135,134,139,140,1,136,135,140,141,1,137,136,141,142,1,138,139,134,133,1,145,144,147,146,0,143,147,144,1,143,144,170,171,1,171,169,147,143,1,144,145,168,170,1,149,151,153,148,1,131,150,151,149,1,152,153,151,150,1,155,154,157,158,1,139,138,171,170,1,138,142,169,171,1,140,139,170,168,1,124,126,128,130,1,100,184,187,101,1,172,180,181,173,1,169,167,146,147,1,175,174,182,183,1,174,173,181,182,1,92,176,179,93,1,28,29,124,188,1,188,124,130,129,1,30,28,188,125,1,31,30,125,126,1,129,127,125,188,1,29,31,126,124,1,67,66,161,162,1,81,80,166,198,1,73,72,163,193,1,78,77,196,165,1,65,67,162,160,1,80,82,199,166,1,76,75,164,195,1,79,78,165,197,1,72,71,192,163,1,66,65,160,161,1,75,74,194,164,1,59,62,64,61,1,61,64,63,60,1,154,156,159,157,1,156,155,158,159,1,206,205,201,202,1,207,206,202,203,1,204,207,203,200,1,201,200,203,202,1,206,207,204,205,1,205,204,200,201]
}